{
  "config": {
    "minimize": true,
    "precision": 0.001,
    "population_size": 200,
    "num_epochs": 4000,
    "selection_method": "roulette",
    "crossover_method": "uniform",
    "crossover_prob": 0.8,
    "mutation_method": "one_point",
    "mutation_prob": 0.4,
    "inversion_prob": 0.25,
    "elitism_rate": 7.0,
    "lower_bound": -5.0,
    "upper_bound": 5.0,
    "num_variables": 30
  },
  "test_function": "hypersphere",
  "num_runs": 10,
  "average_fitness": 26.307153614247134,
  "best_fitness": 18.85442194656999,
  "worst_fitness": 31.499650698357947,
  "best_run": 3,
  "results": [
    {
      "run": 1,
      "solution": [
        1.9974974058475246,
        -0.22492827931392334,
        0.9195507538301895,
        0.29085027162302346,
        1.3626930354635904,
        -0.21638283586644658,
        0.4226942562412255,
        -0.4764084721967894,
        -0.49410974790941786,
        0.14618812183360763,
        -1.1514985045473969,
        1.1710309467130564,
        -0.6277848989806509,
        0.8914728682170541,
        0.14740889946896196,
        -1.8870170298480131,
        0.5014344137215403,
        -0.3451748763962641,
        1.9706402978697426,
        0.6711225050357079,
        -0.21516205823109313,
        1.3315632057620705,
        0.3262528230482822,
        1.0886284563266804,
        0.007019471403284072,
        0.06744796435329281,
        -0.4696941952023437,
        -0.6375511200634802,
        0.6503692852346941,
        0.09674662760178254
      ],
      "fitness": 23.893665051917566,
      "time": 93.6844
    },
    {
      "run": 2,
      "solution": [
        1.3541475920161146,
        0.014344137215406505,
        0.9531221388024171,
        -0.8395898187145212,
        0.6058109015442836,
        1.2198620521272048,
        0.22187633522553885,
        0.5984862357321612,
        -1.119147897210523,
        0.01129219312702201,
        0.7028627235549045,
        0.8212781541842151,
        1.3571995361044982,
        -0.5655252395776111,
        -2.1940426051394737,
        -0.5093694683513394,
        -0.567966794848318,
        -0.8841482024049316,
        -0.6406030641518647,
        0.3042788256119149,
        0.36287615210889346,
        -0.00518830495025302,
        1.5159006287004821,
        0.34700604284929515,
        0.7370444973448089,
        -0.9219923091008972,
        0.2017335042422026,
        1.27906976744186,
        -0.5252395776109378,
        0.7663431605932978
      ],
      "fitness": 23.456497300591497,
      "time": 95.2051
    },
    {
      "run": 3,
      "solution": [
        1.0330830739180854,
        1.0452908502716234,
        -1.0196545199291949,
        0.0009155832265150821,
        -0.9213819202832205,
        -0.5972654580968078,
        0.809070377830678,
        -0.6241225660745897,
        -0.09674662760178254,
        -0.69981077946652,
        1.2857840444363058,
        0.6869926142953062,
        -0.22126594640786212,
        0.036318134651772915,
        0.24934383202099752,
        -1.7899652078373922,
        -0.2981749374351459,
        -0.035707745834096194,
        -0.9543429164377706,
        0.5008240249038636,
        1.2857840444363058,
        0.035707745834096194,
        -1.5177317951535128,
        -1.1789660013428556,
        -0.4428370872245617,
        0.567966794848318,
        -0.09491546114875149,
        -0.12848684612097916,
        -0.157785509369468,
        -0.5435512421412438
      ],
      "fitness": 18.85442194656999,
      "time": 95.8817
    },
    {
      "run": 4,
      "solution": [
        0.40010986998718145,
        -0.3579930415674788,
        -0.8945248123054386,
        -0.9378624183604956,
        0.2145516694134164,
        0.7498626625160227,
        0.9464078618079714,
        0.9042910333882679,
        -0.23225294512604489,
        0.7181224439968261,
        -0.464811084660929,
        -0.7187328328145028,
        0.2267594457669535,
        -0.831654764084722,
        1.4182384178721845,
        -0.08392846243056784,
        1.710004272721724,
        1.072758347067082,
        0.17243484099371287,
        -1.133797228834768,
        -0.5588109625831654,
        0.8542391503387661,
        0.15229201001037662,
        2.5444057864859912,
        -0.4080449246169806,
        -0.30244765915888383,
        1.4261734725019837,
        0.8920832570347308,
        0.4831227491912351,
        0.7816028810352194
      ],
      "fitness": 25.214957328538535,
      "time": 96.3078
    },
    {
      "run": 5,
      "solution": [
        1.9102118049197339,
        0.029603857657328092,
        0.018616858939144443,
        0.27498016236342515,
        0.792589879753403,
        -0.8694988707806877,
        0.07416224134773852,
        0.1986815601538181,
        -0.5008240249038636,
        -0.45931758530183764,
        -0.4605383629371911,
        0.9812000244155525,
        1.0257584081059639,
        -2.2355490447415005,
        0.4172007568821341,
        0.035707745834096194,
        -0.01800647012146772,
        -0.994628578404444,
        1.4591344686565346,
        -0.6479277299639872,
        0.0924739058780446,
        1.1228102301165839,
        -0.1516816211926999,
        -0.19807117133614138,
        0.770005493499359,
        -1.189342611243362,
        -0.551486296771043,
        1.4945370200817925,
        -0.32564243423060457,
        2.6609900506622717
      ],
      "fitness": 29.618906500597692,
      "time": 98.372
    },
    {
      "run": 6,
      "solution": [
        -0.9958493560397974,
        1.037966184459501,
        0.011902581944698731,
        0.1364219007507783,
        -0.5594213514008421,
        -0.6283952877983277,
        -1.2558749923701398,
        0.010071415491668567,
        0.6552523957761096,
        -1.6373680034181772,
        -0.8182262100958306,
        -0.2993957150705002,
        -1.0190441311115181,
        0.41231764634071943,
        0.10956479277299636,
        -1.8064457059146677,
        0.7132393334554115,
        -0.8517975950680583,
        -0.4806811939205273,
        -0.03937007874015741,
        -1.4072514191540013,
        -1.5812122321919064,
        0.3207593236891899,
        0.5960446804614543,
        0.47518769456143595,
        0.24934383202099752,
        1.5653421229323081,
        0.08392846243056784,
        1.4774461331868398,
        0.1736556186290663
      ],
      "fitness": 24.09010496165335,
      "time": 97.9792
    },
    {
      "run": 7,
      "solution": [
        0.8597326496978575,
        0.8505768174327049,
        -0.5032655801745713,
        -0.10651284868461186,
        0.9860831349569672,
        -1.3474333150216689,
        1.2863944332539825,
        -0.7211743880852106,
        0.47823963864981955,
        0.5466031862296283,
        -1.5018616858939144,
        1.2094854422266987,
        1.2674723799059997,
        0.08820118415430667,
        0.17792834035280514,
        0.1486296771043154,
        -0.3640969297442469,
        -1.4115241408777393,
        0.15534395409876112,
        -0.15961667582249905,
        -0.3170969907831287,
        0.5954342916437767,
        -0.7541353842397607,
        -0.0515778550936945,
        1.9065494720136726,
        -0.813343099554416,
        -0.6906549472013674,
        2.0322895684551057,
        0.18036989562351202,
        -0.6167979002624673
      ],
      "fitness": 25.12171385138395,
      "time": 97.4417
    },
    {
      "run": 8,