{
  "config": {
    "minimize": true,
    "precision": 0.001,
    "population_size": 150,
    "num_epochs": 500,
    "selection_method": "roulette",
    "crossover_method": "granular",
    "crossover_prob": 0.8,
    "mutation_method": "boundary",
    "mutation_prob": 0.1,
    "inversion_prob": 0.1,
    "elitism_rate": 10.0,
    "lower_bound": -5.0,
    "upper_bound": 5.0,
    "num_variables": 30
  },
  "test_function": "hypersphere",
  "num_runs": 10,
  "average_fitness": 74.49276713468396,
  "best_fitness": 59.79561087780309,
  "worst_fitness": 89.3739270622583,
  "best_run": 4,
  "results": [
    {
      "run": 1,
      "solution": [
        -1.8229262039919427,
        1.8235365928096199,
        3.8219495818836595,
        0.023499969480559102,
        0.15290239882805334,
        0.6515900628700484,
        0.6119147897210526,
        -1.4115241408777393,
        -1.3535372031984374,
        -2.438808521027895,
        0.9720441921503999,
        0.7333821644387477,
        1.3443813709332844,
        -0.8127327107367393,
        0.21821400231947763,
        -1.1228102301165843,
        -1.537874626136849,
        1.7972898736495146,
        1.3584203137398525,
        -1.7411341024232434,
        0.31831776841848214,
        0.29329182689373123,
        -4.092962216932186,
        2.017029848013184,
        -1.2577061588231704,
        1.468900689739364,
        0.9073429774766524,
        -0.21211011414270864,
        -2.136666056277849,
        1.7661600439479948
      ],
      "fitness": 80.8824480517779,
      "time": 14.6622
    },
    {
      "run": 2,
      "solution": [
        1.2351217725691264,
        -0.31526582433009853,
        -3.1267167185497162,
        0.40987609107001166,
        0.8127327107367393,
        0.6271745101629742,
        -2.8343404748825,
        -1.8741988646767993,
        -0.7230055545382408,
        1.8394067020692182,
        0.7230055545382408,
        -0.6869926142953062,
        -0.06317524262955487,
        -0.310382713788683,
        1.2631996581822618,
        3.227430873466398,
        -0.09491546114875149,
        -2.8245742537996703,
        0.4831227491912351,
        -3.0858206677653666,
        -1.5488616248550326,
        -0.23957761093816732,
        -0.29695415979979245,
        0.9812000244155525,
        0.22431789049624573,
        0.30672038088262266,
        2.1977049380455353,
        0.9445766953549413,
        1.9486663004333762,
        -0.4953305255447722
      ],
      "fitness": 72.34183689568027,
      "time": 14.7266
    },
    {
      "run": 3,
      "solution": [
        1.241836049563572,
        -1.4463163034853204,
        0.5221876335225542,
        -2.9173533540865533,
        0.24995422083867425,
        -4.152169932246841,
        1.240004883110541,
        -0.8554599279741195,
        -0.4794604162851739,
        0.29695415979979245,
        2.6774705487395467,
        -0.3518891533907098,
        0.5093694683513394,
        -2.267289263260697,
        0.3738631508270771,
        0.4825123603735584,
        -3.08704144540072,
        -1.6984068851858636,
        -0.8267716535433074,
        1.9639260208752978,
        -0.8817066471342248,
        0.9726545809680767,
        2.7024964902642985,
        0.639992675334188,
        0.021668803027528938,
        0.6985900018311666,
        0.9580052493438318,
        1.870536531770738,
        0.5868888481963008,
        -1.3559787584691447
      ],
      "fitness": 78.85322695109065,
      "time": 15.1144
    },
    {
      "run": 4,
      "solution": [
        0.00518830495025302,
        0.2884087163523166,
        -2.02374412500763,
        2.5889641701764026,
        -0.9207715314655438,
        -0.8023561008362323,
        0.1107855704083498,
        -0.4867850820972963,
        -0.25666849783311996,
        -1.7673808215833486,
        2.5621070621986206,
        -1.3022645425135813,
        1.782030153207593,
        1.1569920039064883,
        2.5578343404748827,
        0.5441616309589206,
        0.18403222852957324,
        0.9714338033327232,
        1.3828358664469267,
        2.715925044253189,
        2.882561191478972,
        0.273148995910395,
        -1.4267838613196608,
        0.157785509369468,
        0.2829152169932243,
        -0.18036989562351202,
        1.5836537874626133,
        -0.052188243911371224,
        -1.0031740218519198,
        0.17487639626442064
      ],
      "fitness": 59.79561087780309,
      "time": 14.3785
    },
    {
      "run": 5,
      "solution": [
        0.07294146371238508,
        -2.3954709149728375,
        2.320393090398584,
        0.6436550082402492,
        1.4920954648110847,
        -0.45870719648416003,
        -1.2845632668009523,
        0.7254471098089486,
        -2.3966916926081914,
        2.2758347067081734,
        -0.6003174021851923,
        2.4204968564975893,
        1.9852896294939875,
        2.114081670023805,
        0.9787584691448457,
        2.270951596166758,
        1.3669657571873284,
        0.6949276689251054,
        -1.4927058536287614,
        0.24446072147958287,
        -1.73991332478789,
        0.8389794298968445,
        0.4928889702740644,
        0.0003051944088383607,
        0.28474638344625536,
        -1.093511566868095,
        -0.47152536165537473,
        0.008850637856314236,
        3.002197399743636,
        1.6123420618934263
      ],
      "fitness": 69.54957574959317,
      "time": 15.1417
    },
    {
      "run": 6,
      "solution": [
        3.1248855520966856,
        0.8011353232008789,
        1.2161997192211436,
        -1.5897576756393823,
        0.42818775560031774,
        0.23225294512604489,
        -0.29085027162302346,
        -0.8664469266923032,
        -1.015381798205457,
        0.3860709271806142,
        -0.13153879020936365,
        1.782030153207593,
        -1.4743941890984558,
        -2.6634316059329795,
        -0.590551181102362,
        -1.5274980162363425,
        -0.7932002685710797,
        -0.9500701947140326,
        1.305926875419642,
        -1.760666544588903,
        2.342367087834951,
        -2.7287432094244033,
        -2.241042544100592,
        -0.42574620032960997,
        -1.0263687969236406,
        -0.9164988097418059,
        2.648171885491058,
        0.6070316791796371,
        0.355551486296771,
        0.8896417017640239
      ],
      "fitness": 66.47453129651767,
      "time": 14.6049
    },
    {
      "run": 7,
      "solution": [
        3.1029115546603183,
        -1.5836537874626138,
        -1.639809558688885,
        0.6393822865165113,
        -1.3010437648782274,
        -1.5824330098272599,
        -0.2865775498992855,
        2.771470426661783,
        -0.8713300372337178,
        -1.8992248062015502,
        1.907770249649026,
        0.8261612647256298,
        1.3425502044802542,
        3.4422877372886536,
        -2.367393029359702,
        -0.6717328938533846,
        1.9956662393944944,
        -2.4272111334920345,
        -2.9020936336446317,
        -0.6436550082402492,
        2.485198071171336,
        -1.4292254165903682,
        -0.6808887261185372,
        0.9201611426478671,
        0.6662393944942933,
        1.4353293047671363,
        -0.9323689190014042,
        -0.6045901239089302,
        0.6644082280412622,
        -1.167979002624672
      ],
      "fitness": 89.3739270622583,
      "time": 14.5444
    },
    {
      "run": 8,