{
  "config": {
    "minimize": true,
    "precision": 0.001,
    "population_size": 120,
    "num_epochs": 300,
    "selection_method": "roulette",
    "crossover_method": "granular",
    "crossover_prob": 0.8,
    "mutation_method": "boundary",
    "mutation_prob": 0.1,
    "inversion_prob": 0.1,
    "elitism_rate": 10.0,
    "lower_bound": -5.0,
    "upper_bound": 5.0,
    "num_variables": 20
  },
  "test_function": "hypersphere",
  "num_runs": 10,
  "average_fitness": 46.800493418305514,
  "best_fitness": 35.360260865344756,
  "worst_fitness": 58.66048346482848,
  "best_run": 3,
  "results": [
    {
      "run": 1,
      "solution": [
        -0.0326558017457117,
        2.295367148873833,
        -0.15656473173411456,
        -1.686199108832326,
        -2.7757431483855215,
        -0.6930965024720743,
        -1.5207837392418972,
        0.24446072147958287,
        0.9012390892998843,
        0.03204541292803498,
        1.6227186717939324,
        -1.8302508698040652,
        1.913874137825795,
        -0.06988951962400058,
        -0.25300616492705874,
        2.964963681865348,
        -1.9859000183116646,
        0.8383690410791678,
        -3.729780870414454,
        -0.8170054324604772
      ],
      "fitness": 57.239771915995966,
      "time": 5.263
    },
    {
      "run": 2,
      "solution": [
        -0.06073368735884799,
        0.28779832753463985,
        0.3451748763962641,
        1.530549960324727,
        0.04425318928157207,
        0.011902581944698731,
        -0.39034364890435214,
        -3.680339376182628,
        1.8241469816272966,
        -3.595495330525545,
        1.8485625343343708,
        -0.39339559299273663,
        -0.2700970518220105,
        2.3313800891167675,
        0.3952267594457668,
        0.8377586522614902,
        0.1358115119331016,
        1.1447842275529512,
        -0.2835256058109019,
        1.2631996581822618
      ],
      "fitness": 45.44601898530159,
      "time": 4.9481
    },
    {
      "run": 3,
      "solution": [
        -1.0001220777635353,
        1.3272904840383326,
        -1.1661478361716413,
        -1.228407495574681,
        -1.031862296282732,
        -0.7584081059634986,
        -0.229811389855338,
        0.36287615210889346,
        0.19685039370078705,
        -1.0166025758408108,
        -1.163706280900934,
        -1.7209912714399072,
        3.447781236647744,
        -0.0735518525300618,
        0.15412317646340679,
        -1.0269791857413173,
        1.1252517853872916,
        0.005798693767929741,
        2.1848867728743206,
        1.8723676982237683
      ],
      "fitness": 35.360260865344756,
      "time": 4.9099
    },
    {
      "run": 4,
      "solution": [
        4.263871085881707,
        1.1136543978514313,
        2.159250442531893,
        -1.1576023927241654,
        0.9720441921503999,
        -2.992431178660807,
        -1.7679912104010254,
        0.9134468656534214,
        -0.23408411157907594,
        -0.22798022340230695,
        0.6296160654336811,
        -0.8182262100958306,
        -0.7297198315326865,
        2.7256912653360192,
        -1.2766282121711532,
        -0.38118781663919954,
        1.786302874931331,
        -2.26484770798999,
        0.25361655374473546,
        0.2884087163523166
      ],
      "fitness": 58.66048346482848,
      "time": 4.9121
    },
    {
      "run": 5,
      "solution": [
        -2.2129646584874565,
        0.4074345357993039,
        -0.7455899407922848,
        -0.9750961362387844,
        1.0739791247024355,
        -0.7974729902948177,
        -0.45626564121345314,
        -2.1885491057803823,
        2.132393334554111,
        1.4927058536287614,
        0.6491485075993406,
        0.5386681315998292,
        0.12604529085027139,
        0.7455899407922848,
        0.49960324726851013,
        1.000732466581212,
        3.121833608008302,
        0.862784593786242,
        -2.263016541536959,
        -1.2387841054751876
      ],
      "fitness": 39.81301431745344,
      "time": 4.8171
    },
    {
      "run": 6,
      "solution": [
        4.122260880180676,
        -0.7736678264054202,
        1.361472257828237,
        -1.0495635719953609,
        0.4764084721967894,
        -0.36531770737960123,
        0.815174266007447,
        -0.6027589574558991,
        -0.9793688579625224,
        -0.7523042177867305,
        -1.652017335042422,
        2.002990905206617,
        -0.856680705609473,
        0.34944759812000203,
        -0.7046938900079347,
        0.4605383629371911,
        0.6863822254776295,
        -1.2052127205029604,
        2.0756271745101627,
        -2.4217176341329427
      ],
      "fitness": 43.86260265820214,
      "time": 4.8786
    },
    {
      "run": 7,
      "solution": [
        0.6332783983397423,
        -2.5401330647622538,
        -1.1826283342489168,
        -0.5649148507599344,
        3.796313251541232,
        -1.1130440090337546,
        -1.503692852346945,
        -2.293535982420802,
        0.30977232497100626,
        -0.6198498443508518,
        -0.5313434657877067,
        -0.7541353842397607,
        0.08881157297198339,
        -1.0477324055423303,
        0.5099798571690171,
        0.17121406335835943,
        -0.36959042910333917,
        -0.026551913568943597,
        -2.3692241958127327,
        -0.9207715314655438
      ],
      "fitness": 41.067905619976855,
      "time": 4.9813
    },
    {
      "run": 8,
      "solution": [
        1.24610877128731,
        -1.644082280412623,
        -0.9647195263382775,
        -0.06866874198864714,
        -0.8371482634438134,
        -0.553317463224074,
        -2.2782762619788803,
        -1.2802905450772144,
        -0.08820118415430667,
        0.6900445583836907,
        -1.6074589513520112,
        3.7865470304584026,
        2.1165232252945128,
        -1.5867057315509978,
        2.025575291460661,
        -2.913080632362815,
        -1.355368369651468,
        0.2865775498992855,
        -0.01800647012146772,
        1.355368369651468
      ],
      "fitness": 53.776457880420125,
      "time": 4.976
    },
    {
      "run": 9,
      "solution": [
        -2.7104315448940977,
        -1.0056155771226272,
        2.9313922968931205,
        1.6611731673075747,
        0.5466031862296283,
        1.62332906061161,
        1.6861991088323265,
        -1.4829396325459316,
        -0.448330586583654,
        0.6583043398644941,
        -1.4933162424464386,
        1.6733809436611118,
        -0.19379844961240345,
        1.211316608679729,
        0.2584996642861501,
        1.4035890862479397,
        3.1645608252456814,
        -1.3834462552646034,
        -0.20722700360129398,
        1.606848562534334
      ],
      "fitness": 51.44617496734543,
      "time": 4.9569
    },
    {
      "run": 10,
      "solution": [
        2.2080815479460414,
        -0.30061649270585367,
        0.10101934932552048,
        -0.08087651834218423,
        -2.167795885979369,
        1.2241347738509427,
        3.1975218214002314,
        -1.3901605322590491,
        2.192211438686443,
        -1.8998351950192274,
        1.4206799731428923,
        0.4983824696331567,
        -1.3053164866019653,
        0.5807849600195327,
        1.3291216504913628,
        -0.9531221388024171,
        1.3260697064029783,
        0.8615638161508885,
        -0.2859671610816088,
        0.11994140267350328
      ],
      "fitness": 41.33224350818631,
      "time": 5.0754
    }
  ]
}